testname,runtime
ba_20_60,187.24965476989746
ws_20_60,181.09736156463623
ba_50_60,1112.4475169181824
ws_50_60,740.3995616436005
