testname,runtime
ba_20_60,25.942561626434326
ba_20_60,29.012640237808228
ws_50_60,104.65706276893616
ws_50_60,101.67257571220398
ba_20_60,305.27022910118103
