abs,rel,p5no,3no,best,avg,break
155.28435332542762,0.9989030496005511,0.007,0.038,-4345.0,-3771.344,0.008599999999999938
155.45487961772056,1.0,0.008,0.065,-4345.0,-3860.036,0.007579999999999953
